{
    "loss": 0.004679840058088303,
    "step": 475,
    "test": {
        "loss": 0.02970116212964058,
        "acc": 99.04999542236328
    }
}
